iteration,epoch,accuracy,loss
100.000000,0.250000,1.000000,0.000380
