iteration,epoch,accuracy,loss
100.000000,0.250000,1.000000,0.000352
200.000000,0.500000,1.000000,0.000270
300.000000,0.750000,1.000000,0.000197
400.000000,1.000000,1.000000,0.000193
